Type,Process temperature [K],Rotational speed [rpm],Torque [Nm],Tool wear [min],rf_proba,anomaly,tool_wear_scaled,risk_score,risk_label
M,298.1,308.6,1551,42.8,0.6,1,0.3333333333333331,0.5999999999999999,Verd채chtig
L,298.2,308.7,1408,46.3,0.54,1,0.6868686868686866,0.676060606060606,Hochrisiko
L,298.1,308.5,1498,49.4,0.54,1,1.0,0.77,Hochrisiko
L,298.2,308.6,1433,39.5,0.55,1,0.0,0.47500000000000003,Verd채chtig
L,298.2,308.7,1408,40.0,0.55,1,0.05050505050505051,0.49015151515151517,Verd채chtig
M,298.1,308.6,1425,41.9,0.6,1,0.24242424242424232,0.5727272727272728,Verd채chtig
